,"('CL1 Comdty',)","('NG1 Comdty',)","('GC1 Comdty',)","('SI1 Comdty',)","('PL1 Comdty',)","('HG1 Comdty',)","('W 1 Comdty',)","('CT1 Comdty',)","('CC1 Comdty',)"
Mean,39.02410624196262,2.812633000296762,637.6061628252046,10.755453951924025,688.1441982391941,145.83402215847192,422.76562345434763,68.98151844890702,1850.3107132258383
Std Dev,27.70980963721544,2.1250958192524316,418.78537959937677,7.8982227415540756,433.4943399270887,104.62920747866681,152.51708011813417,19.37693406974385,674.9306454039745
Datapoints,9265.0,7436.0,10109.0,10109.0,8481.0,7781.0,10109.0,10109.0,10109.0
