,"('USDCAD Curncy',)","('USDGBP Curncy',)","('USDEUR Curncy',)","('USDCHF Curncy',)","('USDAUD Curncy',)","('USDNZD Curncy',)","('USDILS Curncy',)","('USDJPY Curncy',)","('USDSGD Curncy',)"
Mean,1.2605133643288153,0.6224231674745289,0.8759532100108821,1.4094609061232537,1.3062552576911675,1.5912442773765922,2.9177680284894643,133.44063309921847,1.6213086952220794
Std Dev,0.15349642723159318,0.08027368151781432,0.15625756045757214,0.39684729869754626,0.24310246320489579,0.312595078974533,1.3338469250096157,47.35144892981723,0.29558693825895316
Datapoints,10109.0,10109.0,10109.0,10109.0,10109.0,10109.0,9777.0,10109.0,9847.0
