,"('SPX Index',)","('INDU Index',)","('UKX Index',)","('SPTSX Index',)","('HSI Index',)","('NKY Index',)","('MXEF Index',)","('SXXP Index',)","('DAX Index',)"
Mean,940.4243248590402,8163.057360767618,4021.071693540419,7598.245042041727,11919.13154614703,15792.55833514698,487.4085686022361,195.62143634385183,4411.289042437426
Std Dev,674.7087871765244,6061.313638693141,1832.739044325619,4539.435721153203,8564.070438839735,6425.838850043357,310.7042385146308,99.76227699577292,3392.895326039605
Datapoints,10109.0,10109.0,9068.0,10109.0,10109.0,10109.0,8024.0,8285.0,10109.0
