,"('JNJ US Equity',)","('JPM US Equity',)","('XOM US Equity',)","('BHP AU Equity',)","('GE US Equity',)","('KO US Equity',)","('BA US Equity',)","('INTC US Equity',)","('WMT US Equity',)"
Mean,42.35383697695115,32.33218386586223,40.61971554060751,13.87325260658817,18.225434325848294,20.246977455732566,55.921789494509696,16.36923558215448,34.358659649817064
Std Dev,37.01653417216204,23.190633709892264,31.19485417064265,12.991034597709996,14.007610611642859,14.621754266764931,61.01986751590653,14.230237151516882,28.179368604472998
Datapoints,10109.0,9962.0,9962.0,10109.0,10109.0,10109.0,9962.0,9363.0,10109.0
